{
  "usd_to_eur_rate": 0.860754,
  "eur_to_usd_rate": 1.161773
}