{
  "usd_to_eur_rate": 0.858861,
  "eur_to_usd_rate": 1.164333
}