{
  "usd_to_eur_rate": 0.862524,
  "eur_to_usd_rate": 1.159389
}